{
    "quasidiagonal": {
        "C_Serenade_for_Proof": [
            [
                8, 
                16, 
                32, 
                64, 
                128
            ], 
            [
                25.805999999999997, 
                86.633799999999994, 
                383.95400000000001, 
                1866.02, 
                9181.0900000000001
            ]
        ], 
        "O_Serenade_Proof": [
            [
                8, 
                16, 
                32, 
                64, 
                128
            ], 
            [
                25.7531, 
                84.2697, 
                383.61800000000005, 
                1926.27, 
                9290.3500000000004
            ]
        ], 
        "E_Serenade": [
            [
                8, 
                16, 
                32, 
                64, 
                128
            ], 
            [
                25.8201, 
                82.6965, 
                369.815, 
                1857.25, 
                9145.6299999999992
            ]
        ]
    }, 
    "logdiagonal": {
        "C_Serenade_for_Proof": [
            [
                8, 
                16, 
                32, 
                64, 
                128
            ], 
            [
                26.445, 
                41.189100000000003, 
                48.790300000000002, 
                51.354999999999997, 
                52.758699999999997
            ]
        ], 
        "O_Serenade_Proof": [
            [
                8, 
                16, 
                32, 
                64, 
                128
            ], 
            [
                26.518000000000001, 
                40.2883, 
                46.6053, 
                49.144199999999998, 
                50.241399999999999
            ]
        ], 
        "E_Serenade": [
            [
                8, 
                16, 
                32, 
                64, 
                128
            ], 
            [
                26.378699999999998, 
                39.562899999999999, 
                46.011099999999999, 
                48.817700000000002, 
                50.064300000000003
            ]
        ]
    }, 
    "diagonal": {
        "C_Serenade_for_Proof": [
            [
                8, 
                16, 
                32, 
                64, 
                128
            ], 
            [
                61.5717, 
                101.31100000000001, 
                140.62100000000001, 
                138.50399999999999, 
                144.149
            ]
        ], 
        "O_Serenade_Proof": [
            [
                8, 
                16, 
                32, 
                64, 
                128
            ], 
            [
                61.0565, 
                100.06299999999999, 
                154.19799999999998, 
                164.89500000000001, 
                167.72999999999999
            ]
        ], 
        "E_Serenade": [
            [
                8, 
                16, 
                32, 
                64, 
                128
            ], 
            [
                61.3093, 
                97.510300000000001, 
                149.03, 
                160.20400000000001, 
                163.88299999999998
            ]
        ]
    }, 
    "uniform": {
        "C_Serenade_for_Proof": [
            [
                8, 
                16, 
                32, 
                64, 
                128
            ], 
            [
                22.2182, 
                85.644199999999998, 
                419.75300000000004, 
                2271.4000000000001, 
                12923.9
            ]
        ], 
        "O_Serenade_Proof": [
            [
                8, 
                16, 
                32, 
                64, 
                128
            ], 
            [
                22.2515, 
                74.051900000000003, 
                347.37300000000005, 
                2015.4400000000001, 
                12072.0
            ]
        ], 
        "E_Serenade": [
            [
                8, 
                16, 
                32, 
                64, 
                128
            ], 
            [
                22.2468, 
                73.582499999999996, 
                340.69099999999997, 
                1947.8699999999999, 
                11750.5
            ]
        ]
    }
}