{
    "quasidiagonal": {
        "C_Serenade_for_Proof": [
            [
                8, 
                16, 
                32, 
                64, 
                128
            ], 
            [
                25.805999999999997, 
                86.633799999999994, 
                383.95400000000001, 
                1866.02, 
                9181.0900000000001
            ]
        ], 
        "O_Serenade_Proof": [
            [
                8, 
                16, 
                32, 
                64, 
                128
            ], 
            [
                25.7531, 
                84.2697, 
                383.61800000000005, 
                1926.27, 
                9290.3500000000004
            ]
        ], 
        "Serena": [
            [
                8, 
                16, 
                32, 
                64, 
                128
            ], 
            [
                27.736999999999998, 
                86.740200000000002, 
                377.40660000000003, 
                1870.0062, 
                9170.0463999999993
            ]
        ]
    }, 
    "logdiagonal": {
        "C_Serenade_for_Proof": [
            [
                8, 
                16, 
                32, 
                64, 
                128
            ], 
            [
                26.445, 
                41.189100000000003, 
                48.790300000000002, 
                51.354999999999997, 
                52.758699999999997
            ]
        ], 
        "O_Serenade_Proof": [
            [
                8, 
                16, 
                32, 
                64, 
                128
            ], 
            [
                26.518000000000001, 
                40.2883, 
                46.6053, 
                49.144199999999998, 
                50.241399999999999
            ]
        ], 
        "Serena": [
            [
                8, 
                16, 
                32, 
                64, 
                128
            ], 
            [
                28.264099999999999, 
                41.439100000000003, 
                47.475700000000003, 
                49.971899999999998, 
                51.087600000000002
            ]
        ]
    }, 
    "diagonal": {
        "C_Serenade_for_Proof": [
            [
                8, 
                16, 
                32, 
                64, 
                128
            ], 
            [
                61.5717, 
                101.31100000000001, 
                140.62100000000001, 
                138.50399999999999, 
                144.149
            ]
        ], 
        "O_Serenade_Proof": [
            [
                8, 
                16, 
                32, 
                64, 
                128
            ], 
            [
                61.0565, 
                100.06299999999999, 
                154.19799999999998, 
                164.89500000000001, 
                167.72999999999999
            ]
        ], 
        "Serena": [
            [
                8, 
                16, 
                32, 
                64, 
                128
            ], 
            [
                62.7639, 
                98.144400000000005, 
                149.7671, 
                160.8913, 
                164.596
            ]
        ]
    }, 
    "uniform": {
        "C_Serenade_for_Proof": [
            [
                8, 
                16, 
                32, 
                64, 
                128
            ], 
            [
                22.2182, 
                85.644199999999998, 
                419.75300000000004, 
                2271.4000000000001, 
                12923.9
            ]
        ], 
        "O_Serenade_Proof": [
            [
                8, 
                16, 
                32, 
                64, 
                128
            ], 
            [
                22.2515, 
                74.051900000000003, 
                347.37300000000005, 
                2015.4400000000001, 
                12072.0
            ]
        ], 
        "Serena": [
            [
                8, 
                16, 
                32, 
                64, 
                128
            ], 
            [
                22.964300000000001, 
                75.627200000000002, 
                345.6454, 
                1959.0721000000001, 
                11772.3305
            ]
        ]
    }
}