{
    "quasidiagonal": {
        "C_Serenade_for_Proof": [
            [
                0.99, 
                0.95, 
                0.9, 
                0.8, 
                0.7, 
                0.6, 
                0.5, 
                0.4, 
                0.3, 
                0.2, 
                0.1
            ], 
            [
                5413.28, 
                1865.34, 
                968.6110000000001, 
                507.904, 
                362.56800000000004, 
                300.193, 
                272.597, 
                264.759, 
                273.087, 
                302.172, 
                388.06800000000004
            ]
        ], 
        "C_Serenade": [
            [
                0.99, 
                0.95, 
                0.9, 
                0.8, 
                0.7, 
                0.6, 
                0.5, 
                0.4, 
                0.3, 
                0.2, 
                0.1
            ], 
            [
                5409.2, 
                1865.49, 
                969.097, 
                509.276, 
                364.385, 
                302.193, 
                274.663, 
                266.996, 
                275.543, 
                305.068, 
                392.481
            ]
        ], 
        "O_Serenade_Proof": [
            [
                0.99, 
                0.95, 
                0.9, 
                0.8, 
                0.7, 
                0.6, 
                0.5, 
                0.4, 
                0.3, 
                0.2, 
                0.1
            ], 
            [
                5646.56, 
                1925.87, 
                918.2260000000001, 
                403.269, 
                236.157, 
                162.868, 
                126.309, 
                104.694, 
                88.9511, 
                74.7444, 
                55.4382
            ]
        ], 
        "O_Serenade": [
            [
                0.99, 
                0.95, 
                0.9, 
                0.8, 
                0.7, 
                0.6, 
                0.5, 
                0.4, 
                0.3, 
                0.2, 
                0.1
            ], 
            [
                5633.17, 
                1929.18, 
                919.6139999999999, 
                404.652, 
                238.642, 
                166.41, 
                131.385, 
                112.137, 
                99.3557, 
                88.0726, 
                67.2636
            ]
        ], 
        "Serena": [
            [
                0.99, 
                0.95, 
                0.9, 
                0.8, 
                0.7, 
                0.6, 
                0.5, 
                0.4, 
                0.3, 
                0.2, 
                0.1
            ], 
            [
                5550.8276, 
                1869.7069, 
                893.3531, 
                397.9636, 
                237.7598, 
                167.4328, 
                133.1784, 
                114.2511, 
                101.7318, 
                91.0698, 
                72.4241
            ]
        ]
    }, 
    "logdiagonal": {
        "C_Serenade_for_Proof": [
            [
                0.99, 
                0.95, 
                0.9, 
                0.8, 
                0.7, 
                0.6, 
                0.5, 
                0.4, 
                0.3, 
                0.2, 
                0.1
            ], 
            [
                187.562, 
                51.3916, 
                28.4912, 
                17.5998, 
                14.9469, 
                14.6345, 
                15.5571, 
                17.2699, 
                18.7766, 
                19.9172, 
                25.6629
            ]
        ], 
        "C_Serenade": [
            [
                0.99, 
                0.95, 
                0.9, 
                0.8, 
                0.7, 
                0.6, 
                0.5, 
                0.4, 
                0.3, 
                0.2, 
                0.1
            ], 
            [
                187.454, 
                51.408, 
                28.5692, 
                17.7011, 
                15.0557, 
                14.7474, 
                15.7437, 
                17.563, 
                19.1839, 
                20.3807, 
                26.504
            ]
        ], 
        "O_Serenade_Proof": [
            [
                0.99, 
                0.95, 
                0.9, 
                0.8, 
                0.7, 
                0.6, 
                0.5, 
                0.4, 
                0.3, 
                0.2, 
                0.1
            ], 
            [
                191.61900000000003, 
                49.1636, 
                22.1972, 
                11.8233, 
                9.718010000000001, 
                8.69745, 
                8.05723, 
                7.51685, 
                6.75595, 
                5.219130000000001, 
                3.5447300000000004
            ]
        ], 
        "O_Serenade": [
            [
                0.99, 
                0.95, 
                0.9, 
                0.8, 
                0.7, 
                0.6, 
                0.5, 
                0.4, 
                0.3, 
                0.2, 
                0.1
            ], 
            [
                196.418, 
                49.8864, 
                22.4016, 
                11.1107, 
                8.633560000000001, 
                7.39117, 
                6.49539, 
                5.58165, 
                4.32041, 
                2.61124, 
                1.4146299999999998
            ]
        ], 
        "Serena": [
            [
                0.99, 
                0.95, 
                0.9, 
                0.8, 
                0.7, 
                0.6, 
                0.5, 
                0.4, 
                0.3, 
                0.2, 
                0.1
            ], 
            [
                195.312, 
                50.0001, 
                22.4645, 
                11.6262, 
                9.3186, 
                8.2029, 
                7.4687, 
                6.7881, 
                5.866, 
                4.4004, 
                2.623
            ]
        ]
    }, 
    "diagonal": {
        "C_Serenade_for_Proof": [
            [
                0.99, 
                0.95, 
                0.9, 
                0.8, 
                0.7, 
                0.6, 
                0.5, 
                0.4, 
                0.3, 
                0.2, 
                0.1
            ], 
            [
                1027.53, 
                138.608, 
                33.5268, 
                8.119060000000001, 
                4.76577, 
                3.73925, 
                3.28675, 
                2.87034, 
                2.5676099999999997, 
                2.84724, 
                4.07932
            ]
        ], 
        "C_Serenade": [
            [
                0.99, 
                0.95, 
                0.9, 
                0.8, 
                0.7, 
                0.6, 
                0.5, 
                0.4, 
                0.3, 
                0.2, 
                0.1
            ], 
            [
                1031.67, 
                138.533, 
                33.5717, 
                8.23398, 
                4.84952, 
                3.821, 
                3.388, 
                2.98075, 
                2.68204, 
                3.0180000000000002, 
                4.4225900000000005
            ]
        ],