{
    "quasidiagonal": {
        "O_Serenade_Proof": [
            [
                8, 
                16, 
                32, 
                64, 
                128
            ], 
            [
                3.8321199999999997, 
                11.2754, 
                40.0229, 
                163.154, 
                772.1160000000001
            ]
        ], 
        "C_Serenade_Proof": [
            [
                8, 
                16, 
                32, 
                64, 
                128
            ], 
            [
                3.8303599999999998, 
                15.6466, 
                74.3118, 
                325.668, 
                1471.7
            ]
        ], 
        "Serena": [
            [
                8, 
                16, 
                32, 
                64, 
                128
            ], 
            [
                4.1773, 
                12.4096, 
                42.6484, 
                167.425, 
                767.6935
            ]
        ]
    }, 
    "logdiagonal": {
        "O_Serenade_Proof": [
            [
                8, 
                16, 
                32, 
                64, 
                128
            ], 
            [
                3.2839199999999997, 
                4.792269999999999, 
                7.11733, 
                8.74439, 
                10.0078
            ]
        ], 
        "C_Serenade_Proof": [
            [
                8, 
                16, 
                32, 
                64, 
                128
            ], 
            [
                3.28769, 
                6.655639999999999, 
                11.913, 
                14.9518, 
                18.7973
            ]
        ], 
        "Serena": [
            [
                8, 
                16, 
                32, 
                64, 
                128
            ], 
            [
                3.5918, 
                5.1086, 
                7.2852, 
                8.2052, 
                8.8123
            ]
        ]
    }, 
    "diagonal": {
        "O_Serenade_Proof": [
            [
                8, 
                16, 
                32, 
                64, 
                128
            ], 
            [
                1.13889, 
                1.1630200000000002, 
                1.1658600000000001, 
                1.16582, 
                1.1631200000000002
            ]
        ], 
        "C_Serenade_Proof": [
            [
                8, 
                16, 
                32, 
                64, 
                128
            ], 
            [
                1.14037, 
                1.81345, 
                2.68495, 
                3.7424800000000005, 
                4.85245
            ]
        ], 
        "Serena": [
            [
                8, 
                16, 
                32, 
                64, 
                128
            ], 
            [
                0.9725, 
                1.0232, 
                1.0104, 
                1.0141, 
                1.0004
            ]
        ]
    }, 
    "uniform": {
        "O_Serenade_Proof": [
            [
                8, 
                16, 
                32, 
                64, 
                128
            ], 
            [
                6.24231, 
                24.6048, 
                111.10600000000001, 
                559.861, 
                3013.55
            ]
        ], 
        "C_Serenade_Proof": [
            [
                8, 
                16, 
                32, 
                64, 
                128
            ], 
            [
                6.23611, 
                32.3862, 
                174.924, 
                859.5089999999999, 
                4205.63
            ]
        ], 
        "Serena": [
            [
                8, 
                16, 
                32, 
                64, 
                128
            ], 
            [
                7.0933, 
                27.1632, 
                115.8985, 
                558.0881, 
                2908.5066
            ]
        ]
    }
}