{
    "quasidiagonal": {
        "Serena": [
            [
                1.0, 
                2.0, 
                4.0, 
                8.0, 
                16.0, 
                32.0, 
                64.0, 
                128.0, 
                256.0, 
                512.0
            ], 
            [
                211.591, 
                257.4215, 
                346.9383, 
                521.1542, 
                869.084, 
                1576.2557, 
                3003.7067, 
                5877.6974, 
                11585.866, 
                23042.0477
            ]
        ]
    }, 
    "logdiagonal": {
        "O_Serenade_Proof": [
            [
                8.82889, 
                1.96897, 
                10.957, 
                2.84097, 
                16.4144, 
                4.66558, 
                27.9653, 
                8.41355, 
                15.993, 
                31.2428
            ], 
            [
                14, 
                5, 
                19, 
                8, 
                29, 
                12, 
                50, 
                22, 
                43, 
                83
            ]
        ], 
        "C_Serenade_Proof": [
            [
                13.4517, 
                4.052980000000001, 
                14.7591, 
                4.64877, 
                19.2071, 
                6.1508400000000005, 
                29.8682, 
                9.61789, 
                17.0674, 
                32.3467
            ], 
            [
                25, 
                12, 
                27, 
                13, 
                35, 
                17, 
                55, 
                26, 
                46, 
                87
            ]
        ], 
        "Serena": [
            [
                1.0, 
                2.0, 
                4.0, 
                8.0, 
                16.0, 
                32.0, 
                64.0, 
                128.0, 
                256.0, 
                512.0
            ], 
            [
                8.7787, 
                10.9625, 
                16.4828, 
                28.118, 
                51.7107, 
                99.0194, 
                194.2604, 
                383.9489, 
                765.0592, 
                1531.3868
            ]
        ]
    }, 
    "diagonal": {
        "Serena": [
            [
                1.0, 
                2.0, 
                4.0, 
                8.0, 
                16.0, 
                32.0, 
                64.0, 
                128.0, 
                256.0, 
                512.0
            ], 
            [
                1.94, 
                2.868, 
                4.7566, 
                8.5618, 
                16.1918, 
                31.4702, 
                62.0147, 
                122.779, 
                246.059, 
                489.0746
            ]
        ]
    }, 
    "uniform": {
        "Serena": [
            [
                1.0, 
                2.0, 
                4.0, 
                8.0, 
                16.0, 
                32.0, 
                64.0, 
                128.0, 
                256.0, 
                512.0
            ], 
            [
                664.8452, 
                776.3833, 
                989.4275, 
                1390.9287, 
                2181.2402, 
                3790.5198, 
                7075.0944, 
                13666.2088, 
                26783.3012, 
                52943.7623
            ]
        ]
    }
}