{
    "quasidiagonal": {
        "O_Serenade_Proof": [
            [
                1, 
                2, 
                4, 
                8, 
                16, 
                32, 
                64, 
                128, 
                256, 
                512
            ], 
            [
                207.514, 
                253.392, 
                342.98699999999997, 
                517.4169999999999, 
                867.091, 
                1578.16, 
                3019.34, 
                5904.5, 
                11667.5, 
                23184.7
            ]
        ], 
        "C_Serenade_Proof": [
            [
                1, 
                2, 
                4, 
                8, 
                16, 
                32, 
                64, 
                128, 
                256, 
                512
            ], 
            [
                285.322, 
                298.16, 
                358.454, 
                512.314, 
                844.393, 
                1531.47, 
                2924.45, 
                5727.03, 
                11337.1, 
                22485.0
            ]
        ], 
        "Serena": [
            [
                1.0, 
                2.0, 
                4.0, 
                8.0, 
                16.0, 
                32.0, 
                64.0, 
                128.0, 
                256.0, 
                512.0
            ], 
            [
                211.591, 
                257.4215, 
                346.9383, 
                521.1542, 
                869.084, 
                1576.2557, 
                3003.7067, 
                5877.6974, 
                11585.866, 
                23042.0477
            ]
        ]
    }, 
    "logdiagonal": {
        "O_Serenade_Proof": [
            [
                1, 
                2, 
                4, 
                8, 
                16, 
                32, 
                64, 
                128, 
                256, 
                512
            ], 
            [
                8.82889, 
                10.957, 
                16.4144, 
                27.9653, 
                51.5273, 
                99.053, 
                194.99, 
                387.275, 
                768.7719999999999, 
                1539.07
            ]
        ], 
        "C_Serenade_Proof": [
            [
                1, 
                2, 
                4, 
                8, 
                16, 
                32, 
                64, 
                128, 
                256, 
                512
            ], 
            [
                13.4517, 
                14.7591, 
                19.2071, 
                29.8682, 
                52.6047, 
                99.2563, 
                193.40599999999998, 
                382.23800000000006, 
                760.3689999999999, 
                1516.45
            ]
        ], 
        "Serena": [
            [
                1.0, 
                2.0, 
                4.0, 
                8.0, 
                16.0, 
                32.0, 
                64.0, 
                128.0, 
                256.0, 
                512.0
            ], 
            [
                8.7787, 
                10.9625, 
                16.4828, 
                28.118, 
                51.7107, 
                99.0194, 
                194.2604, 
                383.9489, 
                765.0592, 
                1531.3868
            ]
        ]
    }, 
    "diagonal": {
        "O_Serenade_Proof": [
            [
                1, 
                2, 
                4, 
                8, 
                16, 
                32, 
                64, 
                128, 
                256, 
                512
            ], 
            [
                1.96897, 
                2.84097, 
                4.66558, 
                8.41355, 
                15.993, 
                31.2428, 
                61.8071, 
                122.819, 
                245.894, 
                489.54
            ]
        ], 
        "C_Serenade_Proof": [
            [
                1, 
                2, 
                4, 
                8, 
                16, 
                32, 
                64, 
                128, 
                256, 
                512
            ], 
            [
                4.052980000000001, 
                4.64877, 
                6.1508400000000005, 
                9.61789, 
                17.0674, 
                32.3467, 
                63.1218, 
                125.17200000000001, 
                249.178, 
                495.279
            ]
        ], 
        "Serena": [
            [
                1.0, 
                2.0, 
                4.0, 
                8.0, 
                16.0, 
                32.0, 
                64.0, 
                128.0, 
                256.0, 
                512.0
            ], 
            [
                1.94, 
                2.868, 
                4.7566, 
                8.5618, 
                16.1918, 
                31.4702, 
                62.0147, 
                122.779, 
                246.059, 
                489.0746
            ]
        ]
    }, 
    "uniform": {
        "O_Serenade_Proof": [
            [
                1, 
                2, 
                4, 
                8, 
                16, 
                32, 
                64, 
                128, 
                256, 
                512
            ], 
            [
                670.318, 
                784.052, 
                1000.23, 
                1408.0, 
                2209.52, 
                3844.78, 
                7185.9, 
                13903.0, 
                27348.6, 
                54166.8
            ]
        ], 
        "C_Serenade_Proof": [
            [
                1, 
                2, 
                4, 
                8, 
                16, 
                32, 
                64, 
                128, 
                256, 
                512
            ], 
            [
                815.802, 
                859.427, 
                999.6010000000001, 
                1343.67, 
                2088.12, 
                3641.59, 
                6810.77, 
                13201.5, 
                26058.4, 
                51508.7
            ]
        ], 
        "Serena": [
            [
                1.0, 
                2.0, 
                4.0, 
                8.0, 
                16.0, 
                32.0, 
                64.0, 
                128.0, 
                256.0, 
                512.0
            ], 
            [
                664.8452, 
                776.3833, 
                989.4275, 
                1390.9287, 
                2181.2402, 
                3790.5198, 
                7075.0944, 
                13666.2088, 
                26783.3012, 
                52943.7623
            ]
        ]
    }
}