{
    "quasidiagonal": {
        "C_Serenade_for_Proof": [
            [
                8, 
                16, 
                32, 
                64, 
                128
            ], 
            [
                25.704699999999999, 
                86.599199999999996, 
                397.99699999999996, 
                1923.8699999999999, 
                9184.25
            ]
        ], 
        "O_Serenade_Proof": [
            [
                8, 
                16, 
                32, 
                64, 
                128
            ], 
            [
                25.7852, 
                84.173500000000004, 
                383.78500000000003, 
                1927.75, 
                9293.1599999999999
            ]
        ], 
        "Serena": [
            [
                8, 
                16, 
                32, 
                64, 
                128
            ], 
            [
                27.736999999999998, 
                86.740200000000002, 
                377.40660000000003, 
                1870.0062, 
                9170.0463999999993
            ]
        ]
    }, 
    "logdiagonal": {
        "C_Serenade_for_Proof": [
            [
                8, 
                16, 
                32, 
                64, 
                128
            ], 
            [
                26.518000000000001, 
                41.200800000000001, 
                49.739600000000003, 
                51.943800000000003, 
                53.3688
            ]
        ], 
        "O_Serenade_Proof": [
            [
                8, 
                16, 
                32, 
                64, 
                128
            ], 
            [
                26.403199999999998, 
                40.205300000000001, 
                46.607700000000001, 
                49.184699999999999, 
                50.236899999999999
            ]
        ], 
        "Serena": [
            [
                8, 
                16, 
                32, 
                64, 
                128
            ], 
            [
                28.264099999999999, 
                41.439100000000003, 
                47.475700000000003, 
                49.971899999999998, 
                51.087600000000002
            ]
        ]
    }, 
    "diagonal": {
        "C_Serenade_for_Proof": [
            [
                8, 
                16, 
                32, 
                64, 
                128
            ], 
            [
                61.322099999999999, 
                101.05500000000001, 
                140.48599999999999, 
                138.524, 
                144.756
            ]
        ], 
        "O_Serenade_Proof": [
            [
                8, 
                16, 
                32, 
                64, 
                128
            ], 
            [
                61.865600000000001, 
                100.29600000000001, 
                154.34999999999999, 
                165.072, 
                167.73500000000001
            ]
        ], 
        "Serena": [
            [
                8, 
                16, 
                32, 
                64, 
                128
            ], 
            [
                62.7639, 
                98.144400000000005, 
                149.7671, 
                160.8913, 
                164.596
            ]
        ]
    }, 
    "uniform": {
        "C_Serenade_for_Proof": [
            [
                8, 
                16, 
                32, 
                64, 
                128
            ], 
            [
                22.180099999999999, 
                85.496200000000002, 
                441.798, 
                2384.8000000000002, 
                13087.4
            ]
        ], 
        "O_Serenade_Proof": [
            [
                8, 
                16, 
                32, 
                64, 
                128
            ], 
            [
                22.209199999999999, 
                74.1374, 
                347.827, 
                2016.8199999999999, 
                12079.299999999999
            ]
        ], 
        "iSLIP": [
            [
                8, 
                16, 
                32, 
                64, 
                128
            ], 
            [
                33.658200000000001, 
                24.5291, 
                22.801600000000001, 
                21.983699999999999, 
                21.605599999999999
            ]
        ], 
        "Serena": [
            [
                8, 
                16, 
                32, 
                64, 
                128
            ], 
            [
                22.964300000000001, 
                75.627200000000002, 
                345.6454, 
                1959.0721000000001, 
                11772.3305
            ]
        ]
    }
}