{
    "quasidiagonal": {
        "Serena": [
            [
                0.99, 
                0.95, 
                0.9, 
                0.8, 
                0.7, 
                0.6, 
                0.5, 
                0.4, 
                0.3, 
                0.2, 
                0.1
            ], 
            [
                5550.8276, 
                1869.7069, 
                893.3531, 
                397.9636, 
                237.7598, 
                167.4328, 
                133.1784, 
                114.2511, 
                101.7318, 
                91.0698, 
                72.4241
            ]
        ], 
        "iSLIP": [
            [
                0.7, 
                0.6, 
                0.5, 
                0.4, 
                0.3, 
                0.2, 
                0.1
            ], 
            [
                2.1451, 
                0.9848, 
                0.5623, 
                0.3378, 
                0.1994, 
                0.1076, 
                0.0444
            ]
        ], 
        "O_Serenade": [
            [
                0.99, 
                0.95, 
                0.9, 
                0.8, 
                0.7, 
                0.6, 
                0.5, 
                0.4, 
                0.3, 
                0.2, 
                0.1
            ], 
            [
                5632.66, 
                1930.07, 
                919.955, 
                404.64099999999996, 
                238.52900000000002, 
                166.25, 
                131.132, 
                111.775, 
                98.7972, 
                87.213, 
                66.1019
            ]
        ], 
        "O_Serenade_Proof": [
            [
                0.99, 
                0.95, 
                0.9, 
                0.8, 
                0.7, 
                0.6, 
                0.5, 
                0.4, 
                0.3, 
                0.2, 
                0.1
            ], 
            [
                5649.01, 
                1928.27, 
                919.0010000000001, 
                403.527, 
                236.417, 
                163.195, 
                126.596, 
                105.10799999999999, 
                89.5156, 
                75.5708, 
                56.5572
            ]
        ], 
        "C_Serenade_for_Proof": [
            [
                0.99, 
                0.95, 
                0.9, 
                0.8, 
                0.7, 
                0.6, 
                0.5, 
                0.4, 
                0.3, 
                0.2, 
                0.1
            ], 
            [
                5447.56, 
                1922.33, 
                1015.23, 
                540.768, 
                390.18199999999996, 
                325.703, 
                297.77099999999996, 
                291.272, 
                303.22900000000004, 
                340.652, 
                451.725
            ]
        ], 
        "C_Serenade": [
            [
                0.99, 
                0.95, 
                0.9, 
                0.8, 
                0.7, 
                0.6, 
                0.5, 
                0.4, 
                0.3, 
                0.2, 
                0.1
            ], 
            [
                5446.46, 
                1923.08, 
                1016.74, 
                542.818, 
                392.421, 
                328.168, 
                300.293, 
                294.038, 
                306.383, 
                344.18800000000005, 
                457.32300000000004
            ]
        ]
    }, 
    "logdiagonal": {
        "Serena": [
            [
                0.99, 
                0.95, 
                0.9, 
                0.8, 
                0.7, 
                0.6, 
                0.5, 
                0.4, 
                0.3, 
                0.2, 
                0.1
            ], 
            [
                195.312, 
                50.0001, 
                22.4645, 
                11.6262, 
                9.3186, 
                8.2029, 
                7.4687, 
                6.7881, 
                5.866, 
                4.4004, 
                2.623
            ]
        ], 
        "iSLIP": [
            [
                0.8, 
                0.7, 
                0.6, 
                0.5, 
                0.4, 
                0.3, 
                0.2, 
                0.1
            ], 
            [
                17.3769, 
                1.7815, 
                0.8637, 
                0.4979, 
                0.2995, 
                0.1769, 
                0.0957, 
                0.0396
            ]
        ], 
        "O_Serenade": [
            [
                0.99, 
                0.95, 
                0.9, 
                0.8, 
                0.7, 
                0.6, 
                0.5, 
                0.4, 
                0.3, 
                0.2, 
                0.1
            ], 
            [
                196.47400000000002, 
                49.9015, 
                22.3981, 
                11.1071, 
                8.627180000000001, 
                7.383539999999999, 
                6.48822, 
                5.57523, 
                4.31533, 
                2.61294, 
                1.41464
            ]
        ], 
        "O_Serenade_Proof": [
            [
                0.99, 
                0.95, 
                0.9, 
                0.8, 
                0.7, 
                0.6, 
                0.5, 
                0.4, 
                0.3, 
                0.2, 
                0.1
            ], 
            [
                191.75400000000002, 
                49.1995, 
                22.2015, 
                11.85, 
                9.76084, 
                8.742569999999999, 
                8.09856, 
                7.5449399999999995, 
                6.76859, 
                5.2207, 
                3.5411099999999998
            ]
        ], 
        "C_Serenade_for_Proof": [
            [
                0.99, 
                0.95, 
                0.9, 
                0.8, 
                0.7, 
                0.6, 
                0.5, 
                0.4, 
                0.3, 
                0.2, 
                0.1
            ], 
            [
                187.342, 
                51.9659, 
                28.9908, 
                17.9887, 
                15.2894, 
                14.9492, 
                15.8784, 
                17.5275, 
                18.9869, 
                20.0174, 
                25.7417
            ]
        ], 
        "C_Serenade": [
            [
                0.99, 
                0.95, 
                0.9, 
                0.8, 
                0.7, 
                0.6, 
                0.5, 
                0.4, 
                0.3, 
                0.2, 
                0.1
            ], 
            [
                187.386, 
                52.0006, 
                29.0939, 
                18.0982, 
                15.3977, 
                15.0891, 
                16.0763, 
                17.8494, 
                19.3461, 
                20.4625, 
                26.5223
            ]
        ]
    }, 
    "diagonal": {
        "Serena": [
            [
                0.99, 
                0.95, 
                0.9, 
                0.8, 
                0.7, 
                0.6, 
                0.5, 
                0.4, 
                0.3, 
                0.2, 
                0.1
            ], 
            [
                923.8549, 
                160.9696, 
                36.4742, 
                4.6944, 
                1.8059, 
                1.0146, 
                0.6349, 
                0.4161, 
                0.2845, 
                0.2016, 
                0.1647
            ]
        ],